<?xml version="1.0" ?>
<annotation>
<folder>output</folder>
<filename>280.jpg</filename>
<path>/home/chenpengyu/视频/output/280.jpg</path>
<source>
    <database>Unknown</database>
</source>
<size>
    <width>960</width>
    <height>544</height>
    <depth>3</depth>
</size>

<segmented>0</segmented>
    <object>
    <name>football</name>
    <pose>Unspecified</pose>
    <truncated>0</truncated>
    <difficult>0</difficult>
    <bndbox>
        <xmin>274</xmin>
        <ymin>231</ymin>
        <xmax>424</xmax>
        <ymax>378</ymax>
    </bndbox>
</object>
</annotation>
